datetime,temperature_2m,relative_humidity_2m,precipitation,wind_speed_10m,wind_direction_10m,pressure_msl,cloud_cover,aqi,pm25,pm10,no2,o3,source,hour,day_of_week,day_of_month,month,day_of_year,year,week_of_year,is_weekend,is_rush_hour,hour_sin,hour_cos,day_of_week_sin,day_of_week_cos,month_sin,month_cos,day_of_year_sin,day_of_year_cos,week_of_year_sin,week_of_year_cos,temp_humidity_interaction,wind_pressure_interaction,wind_from_sea,temp_inversion_risk,pollution_accumulation_risk,is_monsoon,is_winter,is_summer,aqi_good,aqi_moderate,aqi_unhealthy_sensitive,aqi_unhealthy,aqi_very_unhealthy,aqi_hazardous,aqi_change_1h,aqi_change_24h,aqi_diff_24h,aqi_ema_24h,aqi_ema_168h,rolling_mean_720h,rolling_mean_2160h,is_holiday,pm25_pm10_ratio,no2_o3_ratio,pollution_index,aqi_rolling_mean_1h,aqi_rolling_std_1h,aqi_rolling_min_1h,aqi_rolling_max_1h,aqi_rolling_range_1h,aqi_rolling_mean_3h,aqi_rolling_std_3h,aqi_rolling_min_3h,aqi_rolling_max_3h,aqi_rolling_range_3h,aqi_rolling_mean_6h,aqi_rolling_std_6h,aqi_rolling_min_6h,aqi_rolling_max_6h,aqi_rolling_range_6h,aqi_rolling_mean_12h,aqi_rolling_std_12h,aqi_rolling_min_12h,aqi_rolling_max_12h,aqi_rolling_range_12h,aqi_rolling_mean_24h,aqi_rolling_std_24h,aqi_rolling_min_24h,aqi_rolling_max_24h,aqi_rolling_range_24h,aqi_rolling_mean_48h,aqi_rolling_std_48h,aqi_rolling_min_48h,aqi_rolling_max_48h,aqi_rolling_range_48h,aqi_rolling_mean_72h,aqi_rolling_std_72h,aqi_rolling_min_72h,aqi_rolling_max_72h,aqi_rolling_range_72h,aqi_rolling_mean_120h,aqi_rolling_std_120h,aqi_rolling_min_120h,aqi_rolling_max_120h,aqi_rolling_range_120h,aqi_rolling_mean_168h,aqi_rolling_std_168h,aqi_rolling_min_168h,aqi_rolling_max_168h,aqi_rolling_range_168h,aqi_lag_1h,pm25_lag_1h,pm10_lag_1h,no2_lag_1h,o3_lag_1h,aqi_lag_2h,pm25_lag_2h,pm10_lag_2h,no2_lag_2h,o3_lag_2h,aqi_lag_3h,pm25_lag_3h,pm10_lag_3h,no2_lag_3h,o3_lag_3h,aqi_lag_6h,pm25_lag_6h,pm10_lag_6h,no2_lag_6h,o3_lag_6h,aqi_lag_12h,pm25_lag_12h,pm10_lag_12h,no2_lag_12h,o3_lag_12h,aqi_lag_24h,pm25_lag_24h,pm10_lag_24h,no2_lag_24h,o3_lag_24h,aqi_lag_48h,pm25_lag_48h,pm10_lag_48h,no2_lag_48h,o3_lag_48h,aqi_lag_72h,pm25_lag_72h,pm10_lag_72h,no2_lag_72h,o3_lag_72h,aqi_lag_168h,pm25_lag_168h,pm10_lag_168h,no2_lag_168h,o3_lag_168h
2026-02-14 00:00:00,20.7,83,0.0,7.9,325,1015.8,0,175.1,175.1,103.0,8.0,3.0,open-meteo,0,5,14,2,45,2026,7,1,0,0.0,1.0,-0.9749279121818236,-0.2225209339563146,0.8660254037844386,0.5000000000000001,0.699458327051647,0.7146733860429609,0.7485107481711011,0.6631226582407953,1718.1,8.02482,0,0,0,0,1,0,0,0,0,1,0,0,,,,175.1,175.1,175.1,175.1,0,1.6999999834951458,2.666665777778074,102.84,175.1,,175.1,175.1,0.0,175.1,,175.1,175.1,0.0,175.1,,175.1,175.1,0.0,175.1,,175.1,175.1,0.0,175.1,,175.1,175.1,0.0,175.1,,175.1,175.1,0.0,175.1,,175.1,175.1,0.0,175.1,,175.1,175.1,0.0,175.1,,175.1,175.1,0.0,,,,,,,,,,,,,,,,,,,,,,,,,,,,,,,,,,,,,,,,,,,,,
2026-02-14 01:00:00,20.4,83,0.0,8.2,331,1015.1,0,178.2,178.2,104.9,8.2,3.0,open-meteo,1,5,14,2,45,2026,7,1,0,0.25881904510252074,0.9659258262890683,-0.9749279121818236,-0.2225209339563146,0.8660254037844386,0.5000000000000001,0.699458327051647,0.7146733860429609,0.7485107481711011,0.6631226582407953,1693.1999999999998,8.32382,0,0,0,0,1,0,0,0,0,1,0,0,3.0999999999999943,,,175.348,175.13668639053253,176.64999999999998,176.64999999999998,0,1.6987607083054268,2.7333324222225257,104.69000000000003,178.2,,178.2,178.2,0.0,176.64999999999998,2.192031021678303,175.1,178.2,3.0999999999999943,176.64999999999998,2.192031021678303,175.1,178.2,3.0999999999999943,176.64999999999998,2.192031021678303,175.1,178.2,3.0999999999999943,176.64999999999998,2.192031021678303,175.1,178.2,3.0999999999999943,176.64999999999998,2.192031021678303,175.1,178.2,3.0999999999999943,176.64999999999998,2.192031021678303,175.1,178.2,3.0999999999999943,176.64999999999998,2.192031021678303,175.1,178.2,3.0999999999999943,176.64999999999998,2.192031021678303,175.1,178.2,3.0999999999999943,175.1,175.1,103.0,8.0,3.0,,,,,,,,,,,,,,,,,,,,,,,,,,,,,,,,,,,,,,,,
2026-02-14 02:00:00,20.0,81,0.0,7.3,320,1014.6,0,173.9,173.9,102.3,8.0,3.0,open-meteo,2,5,14,2,45,2026,7,1,0,0.49999999999999994,0.8660254037844387,-0.9749279121818236,-0.2225209339563146,0.8660254037844386,0.5000000000000001,0.699458327051647,0.7146733860429609,0.7485107481711011,0.6631226582407953,1620.0,7.40658,0,0,0,0,1,0,0,0,0,1,0,0,-4.299999999999983,,,175.23216000000002,175.12205104863276,175.73333333333335,175.73333333333335,0,1.69990223167251,2.666665777778074,102.15000000000002,173.9,,173.9,173.9,0.0,175.73333333333335,2.218858565419007,173.9,178.2,4.299999999999983,175.73333333333335,2.218858565419007,173.9,178.2,4.299999999999983,175.73333333333335,2.218858565419007,173.9,178.2,4.299999999999983,175.73333333333335,2.218858565419007,173.9,178.2,4.299999999999983,175.73333333333335,2.218858565419007,173.9,178.2,4.299999999999983,175.73333333333335,2.218858565419007,173.9,178.2,4.299999999999983,175.73333333333335,2.218858565419007,173.9,178.2,4.299999999999983,175.73333333333335,2.218858565419007,173.9,178.2,4.299999999999983,178.2,178.2,104.9,8.2,3.0,175.1,175.1,103.0,8.0,3.0,,,,,,,,,,,,,,,,,,,,,,,,,,,,,,,,,,,
2026-02-14 03:00:00,19.5,84,0.0,6.1,317,1014.3,0,167.8,167.8,98.7,7.7,2.9,open-meteo,3,5,14,2,45,2026,7,1,0,0.7071067811865476,0.7071067811865476,-0.9749279121818236,-0.2225209339563146,0.8660254037844386,0.5000000000000001,0.699458327051647,0.7146733860429609,0.7485107481711011,0.6631226582407953,1638.0,6.18723,0,0,0,0,1,0,0,0,0,1,0,0,-6.099999999999994,,,174.63758720000004,175.03539955693296,173.75,173.75,0,1.7001012998976566,2.655171498216725,98.56000000000003,167.8,,167.8,167.8,0.0,173.29999999999998,5.225897052181546,167.8,178.2,10.399999999999977,173.75,4.360810322252799,167.8,178.2,10.399999999999977,173.75,4.360810322252799,167.8,178.2,10.399999999999977,173.75,4.360810322252799,167.8,178.2,10.399999999999977,173.75,4.360810322252799,167.8,178.2,10.399999999999977,173.75,4.360810322252799,167.8,178.2,10.399999999999977,173.75,4.360810322252799,167.8,178.2,10.399999999999977,173.75,4.360810322252799,167.8,178.2,10.399999999999977,173.9,173.9,102.3,8.0,3.0,178.2,178.2,104.9,8.2,3.0,175.1,175.1,103.0,8.0,3.0,,,,,,,,,,,,,,,,,,,,,,,,,,,,,,
2026-02-14 04:00:00,18.9,88,0.0,5.4,320,1014.2,0,171.2,171.2,100.7,7.9,2.9,open-meteo,4,5,14,2,45,2026,7,1,0,0.8660254037844386,0.5000000000000001,-0.9749279121818236,-0.2225209339563146,0.8660254037844386,0.5000000000000001,0.699458327051647,0.7146733860429609,0.7485107481711011,0.6631226582407953,1663.1999999999998,5.47668,0,0,0,0,1,0,0,0,0,1,0,0,3.3999999999999773,,,174.36258022400006,174.99001021306395,173.24,173.24,0,1.7000992879831252,2.7241369916768994,100.56000000000002,171.2,,171.2,171.2,0.0,170.9666666666667,3.056686659331152,167.8,173.9,6.099999999999994,173.24,3.9449968314309127,167.8,178.2,10.399999999999977,173.24,3.9449968314309127,167.8,178.2,10.399999999999977,173.24,3.9449968314309127,167.8,178.2,10.399999999999977,173.24,3.9449968314309127,167.8,178.2,10.399999999999977,173.24,3.9449968314309127,167.8,178.2,10.399999999999977,173.24,3.9449968314309127,167.8,178.2,10.399999999999977,173.24,3.9449968314309127,167.8,178.2,10.399999999999977,167.8,167.8,98.7,7.7,2.9,173.9,173.9,102.3,8.0,3.0,178.2,178.2,104.9,8.2,3.0,,,,,,,,,,,,,,,,,,,,,,,,,,,,,,
2026-02-14 05:00:00,17.9,92,0.0,4.0,333,1014.2,0,180.1,180.1,105.9,8.3,3.1,open-meteo,5,5,14,2,45,2026,7,1,0,0.9659258262890683,0.25881904510252074,-0.9749279121818236,-0.2225209339563146,0.8660254037844386,0.5000000000000001,0.699458327051647,0.7146733860429609,0.7485107481711011,0.6631226582407953,1646.8,4.0568,0,0,1,0,1,0,0,0,0,1,0,0,8.900000000000006,,,174.82157380608004,175.05048346498037,174.38333333333333,174.38333333333333,0,1.7006609848851653,2.6774184911553256,105.78000000000002,180.1,,180.1,180.1,0.0,173.03333333333333,6.351640208114215,167.8,180.1,12.299999999999983,174.38333333333333,4.504849239060793,167.8,180.1,12.299999999999983,174.38333333333333,4.504849239060793,167.8,180.1,12.299999999999983,174.38333333333333,4.504849239060793,167.8,180.1,12.299999999999983,174.38333333333333,4.504849239060793,167.8,180.1,12.299999999999983,174.38333333333333,4.504849239060793,167.8,180.1,12.299999999999983,174.38333333333333,4.504849239060793,167.8,180.1,12.299999999999983,174.38333333333333,4.504849239060793,167.8,180.1,12.299999999999983,171.2,171.2,100.7,7.9,2.9,167.8,167.8,98.7,7.7,2.9,173.9,173.9,102.3,8.0,3.0,,,,,,,,,,,,,,,,,,,,,,,,,,,,,,
2026-02-14 06:00:00,17.5,95,0.0,5.2,338,1014.4,3,170.7,170.7,100.4,7.8,2.9,open-meteo,6,5,14,2,45,2026,7,1,0,1.0,6.123233995736766e-17,-0.9749279121818236,-0.2225209339563146,0.8660254037844386,0.5000000000000001,0.699458327051647,0.7146733860429609,0.7485107481711011,0.6631226582407953,1662.5,5.2748800000000005,0,0,0,0,1,0,0,0,0,1,0,0,-9.400000000000006,,,174.49184790159364,174.9989984535605,173.85714285714286,173.85714285714286,0,1.700199186252996,2.689654244946812,100.25000000000003,170.7,,170.7,170.7,0.0,174.0,5.288667128870948,170.7,180.1,9.400000000000006,173.64999999999998,4.717944467668088,167.8,180.1,12.299999999999983,173.85714285714286,4.341603829176929,167.8,180.1,12.299999999999983,173.85714285714286,4.341603829176929,167.8,180.1,12.299999999999983,173.85714285714286,4.341603829176929,167.8,180.1,12.299999999999983,173.85714285714286,4.341603829176929,167.8,180.1,12.299999999999983,173.85714285714286,4.341603829176929,167.8,180.1,12.299999999999983,173.85714285714286,4.341603829176929,167.8,180.1,12.299999999999983,180.1,180.1,105.9,8.3,3.1,171.2,171.2,100.7,7.9,2.9,167.8,167.8,98.7,7.7,2.9,175.1,175.1,103.0,8.0,3.0,,,,,,,,,,,,,,,,,,,,,,,,,
2026-02-14 07:00:00,16.9,97,0.0,4.2,353,1015.4,3,181.5,181.5,106.7,8.3,3.1,open-meteo,7,5,14,2,45,2026,7,1,1,0.9659258262890683,-0.25881904510252063,-0.9749279121818236,-0.2225209339563146,0.8660254037844386,0.5000000000000001,0.699458327051647,0.7146733860429609,0.7485107481711011,0.6631226582407953,1639.3,4.26468,0,1,1,0,1,0,0,0,0,1,0,0,10.800000000000011,,,175.05250006946616,175.07593338310414,174.8125,174.8125,0,1.7010309118928686,2.6774184911553256,106.58000000000001,181.5,,181.5,181.5,0.0,177.4333333333333,5.873102530463229,170.7,181.5,10.800000000000011,174.20000000000002,5.484523680320831,167.8,181.5,13.699999999999989,174.8125,4.843386507098398,167.8,181.5,13.699999999999989,174.8125,4.843386507098398,167.8,181.5,13.699999999999989,174.8125,4.843386507098398,167.8,181.5,13.699999999999989,174.8125,4.843386507098398,167.8,181.5,13.699999999999989,174.8125,4.843386507098398,167.8,181.5,13.699999999999989,174.8125,4.843386507098398,167.8,181.5,13.699999999999989,170.7,170.7,100.4,7.8,2.9,180.1,180.1,105.9,8.3,3.1,171.2,171.2,100.7,7.9,2.9,178.2,178.2,104.9,8.2,3.0,,,,,,,,,,,,,,,,,,,,,,,,,
2026-02-14 08:00:00,16.9,97,0.0,2.5,21,1016.1,1,173.8,173.8,102.2,8.0,3.0,open-meteo,8,5,14,2,45,2026,7,1,1,0.8660254037844387,-0.4999999999999998,-0.9749279121818236,-0.2225209339563146,0.8660254037844386,0.5000000000000001,0.699458327051647,0.7146733860429609,0.7485107481711011,0.6631226582407953,1639.3,2.54025,0,1,1,0,1,0,0,0,0,1,0,0,-7.699999999999989,,,174.95230006390887,175.0608335797538,174.7,174.7,0,1.700587067508933,2.666665777778074,102.08000000000003,173.8,,173.8,173.8,0.0,175.33333333333334,5.560875230872694,170.7,181.5,10.800000000000011,174.1833333333333,5.4857694689684715,167.8,181.5,13.699999999999989,174.7,4.543126676640215,167.8,181.5,13.699999999999989,174.7,4.543126676640215,167.8,181.5,13.699999999999989,174.7,4.543126676640215,167.8,181.5,13.699999999999989,174.7,4.543126676640215,167.8,181.5,13.699999999999989,174.7,4.543126676640215,167.8,181.5,13.699999999999989,174.7,4.543126676640215,167.8,181.5,13.699999999999989,181.5,181.5,106.7,8.3,3.1,170.7,170.7,100.4,7.8,2.9,180.1,180.1,105.9,8.3,3.1,173.9,173.9,102.3,8.0,3.0,,,,,,,,,,,,,,,,,,,,,,,,,
2026-02-14 09:00:00,19.5,87,0.0,0.6,56,1016.8,0,182.8,182.8,107.5,8.4,3.1,open-meteo,9,5,14,2,45,2026,7,1,1,0.7071067811865476,-0.7071067811865475,-0.9749279121818236,-0.2225209339563146,0.8660254037844386,0.5000000000000001,0.699458327051647,0.7146733860429609,0.7485107481711011,0.6631226582407953,1696.5,0.61008,0,1,1,0,1,0,0,0,0,1,0,0,9.0,,,175.58011605879616,175.15242134804072,175.51,175.51,0,1.7004651004607898,2.7096765452656304,107.36000000000004,182.8,,182.8,182.8,0.0,179.36666666666667,4.86449723335656,173.8,182.8,9.0,176.6833333333333,5.412362392400074,170.7,182.8,12.100000000000023,175.51,4.990758125442133,167.8,182.8,15.0,175.51,4.990758125442133,167.8,182.8,15.0,175.51,4.990758125442133,167.8,182.8,15.0,175.51,4.990758125442133,167.8,182.8,15.0,175.51,4.990758125442133,167.8,182.8,15.0,175.51,4.990758125442133,167.8,182.8,15.0,173.8,173.8,102.2,8.0,3.0,181.5,181.5,106.7,8.3,3.1,170.7,170.7,100.4,7.8,2.9,167.8,167.8,98.7,7.7,2.9,,,,,,,,,,,,,,,,,,,,,,,,,
2026-02-14 10:00:00,22.2,81,0.0,1.3,225,1017.3,0,182.3,182.3,107.3,8.4,3.1,open-meteo,10,5,14,2,45,2026,7,1,0,0.49999999999999994,-0.8660254037844387,-0.9749279121818236,-0.2225209339563146,0.8660254037844386,0.5000000000000001,0.699458327051647,0.7146733860429609,0.7485107481711011,0.6631226582407953,1798.2,1.32249,1,0,1,0,1,0,0,0,0,1,0,0,-0.5,,,176.11770677409248,175.23700807764973,176.12727272727273,176.12727272727273,0,1.6989748210719964,2.7096765452656304,107.10000000000002,182.3,,182.3,182.3,0.0,179.63333333333335,5.057996968497878,173.8,182.8,9.0,178.53333333333333,5.048035921689409,170.7,182.8,12.100000000000023,176.12727272727273,5.158311915557438,167.8,182.8,15.0,176.12727272727273,5.158311915557438,167.8,182.8,15.0,176.12727272727273,5.158311915557438,167.8,182.8,15.0,176.12727272727273,5.158311915557438,167.8,182.8,15.0,176.12727272727273,5.158311915557438,167.8,182.8,15.0,176.12727272727273,5.158311915557438,167.8,182.8,15.0,182.8,182.8,107.5,8.4,3.1,173.8,173.8,102.2,8.0,3.0,181.5,181.5,106.7,8.3,3.1,171.2,171.2,100.7,7.9,2.9,,,,,,,,,,,,,,,,,,,,,,,,,
2026-02-14 11:00:00,24.5,70,0.0,4.8,207,1017.1,0,175.6,175.6,103.3,8.1,3.0,open-meteo,11,5,14,2,45,2026,7,1,0,0.258819045102521,-0.9659258262890682,-0.9749279121818236,-0.2225209339563146,0.8660254037844386,0.5000000000000001,0.699458327051647,0.7146733860429609,0.7485107481711011,0.6631226582407953,1715.0,4.88208,1,0,1,0,1,0,0,0,0,1,0,0,-6.700000000000017,,,176.0762902321651,175.24130384004442,176.08333333333334,176.08333333333334,0,1.6999031781229121,2.6999991000002996,103.15000000000002,175.6,,175.6,175.6,0.0,180.23333333333335,4.020364825899992,175.6,182.8,7.200000000000017,177.78333333333333,5.10271169738862,170.7,182.8,12.100000000000023,176.08333333333334,4.920612181672547,167.8,182.8,15.0,176.08333333333334,4.920612181672547,167.8,182.8,15.0,176.08333333333334,4.920612181672547,167.8,182.8,15.0,176.08333333333334,4.920612181672547,167.8,182.8,15.0,176.08333333333334,4.920612181672547,167.8,182.8,15.0,176.08333333333334,4.920612181672547,167.8,182.8,15.0,182.3,182.3,107.3,8.4,3.1,182.8,182.8,107.5,8.4,3.1,173.8,173.8,102.2,8.0,3.0,180.1,180.1,105.9,8.3,3.1,,,,,,,,,,,,,,,,,,,,,,,,,
2026-02-14 12:00:00,26.1,62,0.0,7.7,213,1016.6,1,173.2,173.2,101.9,7.9,3.0,open-meteo,12,5,14,2,45,2026,7,1,0,1.2246467991473532e-16,-1.0,-0.9749279121818236,-0.2225209339563146,0.8660254037844386,0.5000000000000001,0.699458327051647,0.7146733860429609,0.7485107481711011,0.6631226582407953,1618.2,7.827820000000001,1,0,0,0,1,0,0,0,0,1,0,0,-2.4000000000000057,,,175.84618701359187,175.21714639815042,175.86153846153846,175.86153846153846,0,1.6997055770391993,2.633332455555848,101.73000000000002,173.2,,173.2,173.2,0.0,177.03333333333333,4.716283847833315,173.2,182.3,9.100000000000023,178.20000000000002,4.471688719041159,173.2,182.8,9.600000000000023,175.92499999999998,4.985273768355613,167.8,182.8,15.0,175.86153846153846,4.778517633035459,167.8,182.8,15.0,175.86153846153846,4.778517633035459,167.8,182.8,15.0,175.86153846153846,4.778517633035459,167.8,182.8,15.0,175.86153846153846,4.778517633035459,167.8,182.8,15.0,175.86153846153846,4.778517633035459,167.8,182.8,15.0,175.6,175.6,103.3,8.1,3.0,182.3,182.3,107.3,8.4,3.1,182.8,182.8,107.5,8.4,3.1,170.7,170.7,100.4,7.8,2.9,175.1,175.1,103.0,8.0,3.0,,,,,,,,,,,,,,,,,,,,
2026-02-14 13:00:00,27.0,55,0.0,9.7,223,1015.6,0,172.8,172.8,101.6,7.9,2.9,open-meteo,13,5,14,2,45,2026,7,1,0,-0.2588190451025208,-0.9659258262890683,-0.9749279121818236,-0.2225209339563146,0.8660254037844386,0.5000000000000001,0.699458327051647,0.7146733860429609,0.7485107481711011,0.6631226582407953,1485.0,9.85132,1,0,0,0,1,0,0,0,0,1,0,0,-0.39999999999997726,,,175.60249205250454,175.18854111533207,175.64285714285714,175.64285714285714,0,1.70078738483477,2.7241369916768994,101.47000000000003,172.8,,172.8,172.8,0.0,173.86666666666665,1.5143755588799006,172.8,175.6,2.799999999999983,176.75,4.596411643880466,172.8,182.8,10.0,175.475,5.004929388294926,167.8,182.8,15.0,175.64285714285714,4.663394980832394,167.8,182.8,15.0,175.64285714285714,4.663394980832394,167.8,182.8,15.0,175.64285714285714,4.663394980832394,167.8,182.8,15.0,175.64285714285714,4.663394980832394,167.8,182.8,15.0,175.64285714285714,4.663394980832394,167.8,182.8,15.0,173.2,173.2,101.9,7.9,3.0,175.6,175.6,103.3,8.1,3.0,182.3,182.3,107.3,8.4,3.1,181.5,181.5,106.7,8.3,3.1,178.2,178.2,104.9,8.2,3.0,,,,,,,,,,,,,,,,,,,,
2026-02-14 14:00:00,27.5,50,0.0,10.7,235,1014.9,0,170.3,170.3,100.2,7.8,2.9,open-meteo,14,5,14,2,45,2026,7,1,0,-0.4999999999999997,-0.8660254037844388,-0.9749279121818236,-0.2225209339563146,0.8660254037844386,0.5000000000000001,0.699458327051647,0.7146733860429609,0.7485107481711011,0.6631226582407953,1375.0,10.859429999999998,1,0,0,0,1,0,0,0,0,1,0,0,-2.5,,,175.1782926883042,175.13068855775418,175.2866666666667,175.2866666666667,0,1.69960078144111,2.689654244946812,100.03000000000003,170.3,,170.3,170.3,0.0,172.1,1.5716233645499338,170.3,173.2,2.8999999999999773,176.16666666666666,5.224812596320236,170.3,182.8,12.5,175.17499999999998,5.211547493089486,167.8,182.8,15.0,175.2866666666667,4.700739556809374,167.8,182.8,15.0,175.2866666666667,4.700739556809374,167.8,182.8,15.0,175.2866666666667,4.700739556809374,167.8,182.8,15.0,175.2866666666667,4.700739556809374,167.8,182.8,15.0,175.2866666666667,4.700739556809374,167.8,182.8,15.0,172.8,172.8,101.6,7.9,2.9,173.2,173.2,101.9,7.9,3.0,175.6,175.6,103.3,8.1,3.0,173.8,173.8,102.2,8.0,3.0,173.9,173.9,102.3,8.0,3.0,,,,,,,,,,,,,,,,,,,,
2026-02-14 15:00:00,27.5,48,0.0,11.7,241,1014.2,0,167.2,167.2,98.3,7.7,2.9,open-meteo,15,5,14,2,45,2026,7,1,0,-0.7071067811865471,-0.7071067811865479,-0.9749279121818236,-0.2225209339563146,0.8660254037844386,0.5000000000000001,0.699458327051647,0.7146733860429609,0.7485107481711011,0.6631226582407953,1320.0,11.86614,1,0,0,0,1,0,0,0,0,1,0,0,-3.1000000000000227,,,174.54002927323987,175.03683425529556,174.78125,174.78125,0,1.7009155472948572,2.655171498216725,98.20000000000002,167.2,,167.2,167.2,0.0,170.1,2.8053520278209505,167.2,172.8,5.600000000000023,173.5666666666667,5.144576432192134,167.2,182.3,15.100000000000023,175.125,5.291008668228846,167.2,182.8,15.600000000000023,174.78125,4.971011801769671,167.2,182.8,15.600000000000023,174.78125,4.971011801769671,167.2,182.8,15.600000000000023,174.78125,4.971011801769671,167.2,182.8,15.600000000000023,174.78125,4.971011801769671,167.2,182.8,15.600000000000023,174.78125,4.971011801769671,167.2,182.8,15.600000000000023,170.3,170.3,100.2,7.8,2.9,172.8,172.8,101.6,7.9,2.9,173.2,173.2,101.9,7.9,3.0,182.8,182.8,107.5,8.4,3.1,167.8,167.8,98.7,7.7,2.9,,,,,,,,,,,,,,,,,,,,
2026-02-14 16:00:00,27.0,51,0.0,11.6,244,1013.7,0,166.2,166.2,97.8,7.6,2.8,open-meteo,16,5,14,2,45,2026,7,1,0,-0.8660254037844385,-0.5000000000000004,-0.9749279121818236,-0.2225209339563146,0.8660254037844386,0.5000000000000001,0.699458327051647,0.7146733860429609,0.7485107481711011,0.6631226582407953,1377.0,11.75892,1,0,0,0,1,0,0,0,0,1,0,0,-1.0,,,173.87282693138067,174.93225633511457,174.27647058823527,174.27647058823527,0,1.6993864856913448,2.7142847448983054,97.62,166.2,,166.2,166.2,0.0,167.9,2.1377558326429247,166.2,170.3,4.100000000000023,170.88333333333333,3.664105165885235,166.2,175.6,9.400000000000006,174.70833333333334,5.800542033188616,166.2,182.8,16.600000000000023,174.27647058823527,5.243868969063388,166.2,182.8,16.600000000000023,174.27647058823527,5.243868969063388,166.2,182.8,16.600000000000023,174.27647058823527,5.243868969063388,166.2,182.8,16.600000000000023,174.27647058823527,5.243868969063388,166.2,182.8,16.600000000000023,174.27647058823527,5.243868969063388,166.2,182.8,16.600000000000023,167.2,167.2,98.3,7.7,2.9,170.3,170.3,100.2,7.8,2.9,172.8,172.8,101.6,7.9,2.9,182.3,182.3,107.3,8.4,3.1,171.2,171.2,100.7,7.9,2.9,,,,,,,,,,,,,,,,,,,,
2026-02-14 17:00:00,25.6,58,0.0,10.4,250,1013.6,0,167.3,167.3,98.4,7.7,2.9,open-meteo,17,5,14,2,45,2026,7,1,1,-0.9659258262890683,-0.25881904510252063,-0.9749279121818236,-0.2225209339563146,0.8660254037844386,0.5000000000000001,0.699458327051647,0.7146733860429609,0.7485107481711011,0.6631226582407953,1484.8000000000002,10.54144,1,0,0,0,1,0,0,0,0,1,0,0,1.1000000000000227,,,173.34700077687023,174.8419337749357,173.88888888888889,173.88888888888889,0,1.7002032347540321,2.655171498216725,98.27000000000004,167.3,,167.3,167.3,0.0,166.9,0.6082762530287298,166.2,167.3,1.1000000000000227,169.5,3.0410524493997593,166.2,173.2,7.0,173.64166666666665,5.895060849918549,166.2,182.8,16.600000000000023,173.88888888888889,5.346454447893362,166.2,182.8,16.600000000000023,173.88888888888889,5.346454447893362,166.2,182.8,16.600000000000023,173.88888888888889,5.346454447893362,166.2,182.8,16.600000000000023,173.88888888888889,5.346454447893362,166.2,182.8,16.600000000000023,173.88888888888889,5.346454447893362,166.2,182.8,16.600000000000023,166.2,166.2,97.8,7.6,2.8,167.2,167.2,98.3,7.7,2.9,170.3,170.3,100.2,7.8,2.9,175.6,175.6,103.3,8.1,3.0,180.1,180.1,105.9,8.3,3.1,,,,,,,,,,,,,,,,,,,,
2026-02-14 18:00:00,24.2,66,0.0,9.4,262,1013.6,0,179.2,179.2,105.4,8.2,3.1,open-meteo,18,5,14,2,45,2026,7,1,1,-1.0,-1.8369701987210297e-16,-0.9749279121818236,-0.2225209339563146,0.8660254037844386,0.5000000000000001,0.699458327051647,0.7146733860429609,0.7485107481711011,0.6631226582407953,1597.2,9.52784,1,0,0,0,1,0,0,0,0,1,0,0,11.899999999999977,,,173.81524071472063,174.89350852316133,174.16842105263157,174.16842105263157,0,1.7001897371898504,2.64516043704502,105.25000000000001,179.2,,179.2,179.2,0.0,170.9,7.209022125087362,166.2,179.2,13.0,170.5,4.912026058562818,166.2,179.2,13.0,174.35,6.018834076161562,166.2,182.8,16.600000000000023,174.16842105263157,5.336775205181804,166.2,182.8,16.600000000000023,174.16842105263157,5.336775205181804,166.2,182.8,16.600000000000023,174.16842105263157,5.336775205181804,166.2,182.8,16.600000000000023,174.16842105263157,5.336775205181804,166.2,182.8,16.600000000000023,174.16842105263157,5.336775205181804,166.2,182.8,16.600000000000023,167.3,167.3,98.4,7.7,2.9,166.2,166.2,97.8,7.6,2.8,167.2,167.2,98.3,7.7,2.9,173.2,173.2,101.9,7.9,3.0,170.7,170.7,100.4,7.8,2.9,,,,,,,,,,,,,,,,,,,,
2026-02-14 19:00:00,22.9,76,0.0,8.1,276,1014.0,0,167.2,167.2,98.3,7.7,2.9,open-meteo,19,5,14,2,45,2026,7,1,1,-0.9659258262890684,0.2588190451025203,-0.9749279121818236,-0.2225209339563146,0.8660254037844386,0.5000000000000001,0.699458327051647,0.7146733860429609,0.7485107481711011,0.6631226582407953,1740.3999999999999,8.2134,0,0,0,0,1,0,0,0,0,1,0,0,-12.0,,,173.286021457543,174.80246108501743,173.82,173.82,0,1.7009155472948572,2.655171498216725,98.20000000000002,167.2,,167.2,167.2,0.0,171.23333333333335,6.899516891299889,167.2,179.2,12.0,169.56666666666666,4.919620581576071,166.2,179.2,13.0,173.15833333333333,5.888734751175072,166.2,182.8,16.600000000000023,173.82,5.423108450248613,166.2,182.8,16.600000000000023,173.82,5.423108450248613,166.2,182.8,16.600000000000023,173.82,5.423108450248613,166.2,182.8,16.600000000000023,173.82,5.423108450248613,166.2,182.8,16.600000000000023,173.82,5.423108450248613,166.2,182.8,16.600000000000023,179.2,179.2,105.4,8.2,3.1,167.3,167.3,98.4,7.7,2.9,166.2,166.2,97.8,7.6,2.8,172.8,172.8,101.6,7.9,2.9,181.5,181.5,106.7,8.3,3.1,,,,,,,,,,,,,,,,,,,,
2026-02-14 20:00:00,22.0,84,0.0,5.9,268,1014.7,0,179.2,179.2,105.4,8.2,3.1,open-meteo,20,5,14,2,45,2026,7,1,0,-0.8660254037844386,0.5000000000000001,-0.9749279121818236,-0.2225209339563146,0.8660254037844386,0.5000000000000001,0.699458327051647,0.7146733860429609,0.7485107481711011,0.6631226582407953,1848.0,5.9867300000000006,1,0,0,0,1,0,0,0,0,1,0,0,12.0,,,173.7591397409396,174.8545029656681,174.07619047619048,174.07619047619048,0,1.7001897371898504,2.64516043704502,105.25000000000001,179.2,,179.2,179.2,0.0,175.19999999999996,6.928203230275486,167.2,179.2,12.0,171.04999999999998,6.325741063306348,166.2,179.2,13.0,173.60833333333335,6.143060879536921,166.2,182.8,16.600000000000023,174.07619047619048,5.414601071353713,166.2,182.8,16.600000000000023,174.07619047619048,5.414601071353713,166.2,182.8,16.600000000000023,174.07619047619048,5.414601071353713,166.2,182.8,16.600000000000023,174.07619047619048,5.414601071353713,166.2,182.8,16.600000000000023,174.07619047619048,5.414601071353713,166.2,182.8,16.600000000000023,167.2,167.2,98.3,7.7,2.9,179.2,179.2,105.4,8.2,3.1,167.3,167.3,98.4,7.7,2.9,170.3,170.3,100.2,7.8,2.9,173.8,173.8,102.2,8.0,3.0,,,,,,,,,,,,,,,,,,,,
2026-02-14 21:00:00,21.5,90,0.0,6.5,302,1015.2,0,177.2,177.2,104.3,8.1,3.0,open-meteo,21,5,14,2,45,2026,7,1,0,-0.7071067811865477,0.7071067811865474,-0.9749279121818236,-0.2225209339563146,0.8660254037844386,0.5000000000000001,0.699458327051647,0.7146733860429609,0.7485107481711011,0.6631226582407953,1935.0,6.5988,0,0,0,0,1,0,0,0,0,1,0,0,-2.0,,,174.0344085616644,174.88226032702113,174.21818181818182,174.21818181818182,0,1.698945333663036,2.6999991000002996,104.09000000000002,177.2,,177.2,177.2,0.0,174.5333333333333,6.429100507328609,167.2,179.2,12.0,172.71666666666667,6.425081063042448,166.2,179.2,13.0,173.14166666666665,5.567022761247015,166.2,182.3,16.100000000000023,174.21818181818182,5.32591475385853,166.2,182.8,16.600000000000023,174.21818181818182,5.32591475385853,166.2,182.8,16.600000000000023,174.21818181818182,5.32591475385853,166.2,182.8,16.600000000000023,174.21818181818182,5.32591475385853,166.2,182.8,16.600000000000023,174.21818181818182,5.32591475385853,166.2,182.8,16.600000000000023,179.2,179.2,105.4,8.2,3.1,167.2,167.2,98.3,7.7,2.9,179.2,179.2,105.4,8.2,3.1,167.2,167.2,98.3,7.7,2.9,182.8,182.8,107.5,8.4,3.1,,,,,,,,,,,,,,,,,,,,
2026-02-14 22:00:00,20.9,94,0.0,6.1,310,1015.3,3,192.7,192.7,113.3,8.8,3.3,open-meteo,22,5,14,2,45,2026,7,1,0,-0.5000000000000004,0.8660254037844384,-0.9749279121818236,-0.2225209339563146,0.8660254037844386,0.5000000000000001,0.699458327051647,0.7146733860429609,0.7485107481711011,0.6631226582407953,1964.6,6.193329999999999,0,0,0,0,1,0,0,0,0,1,0,0,15.5,,,175.52765587673125,175.09312115155345,175.02173913043478,175.02173913043478,0,1.7007943362683642,2.6666658585861036,113.16000000000003,192.7,,192.7,192.7,0.0,183.0333333333333,8.431093246627869,177.2,192.7,15.5,177.13333333333333,9.4470453934903,167.2,192.7,25.5,174.00833333333333,7.571172400305744,166.2,192.7,26.5,175.02173913043478,6.475124184259404,166.2,192.7,26.5,175.02173913043478,6.475124184259404,166.2,192.7,26.5,175.02173913043478,6.475124184259404,166.2,192.7,26.5,175.02173913043478,6.475124184259404,166.2,192.7,26.5,175.02173913043478,6.475124184259404,166.2,192.7,26.5,177.2,177.2,104.3,8.1,3.0,179.2,179.2,105.4,8.2,3.1,167.2,167.2,98.3,7.7,2.9,166.2,166.2,97.8,7.6,2.8,182.3,182.3,107.3,8.4,3.1,,,,,,,,,,,,,,,,,,,,
2026-02-14 23:00:00,20.3,95,0.0,5.1,309,1015.6,2,185.1,185.1,108.9,8.5,3.2,open-meteo,23,5,14,2,45,2026,7,1,0,-0.25881904510252157,0.9659258262890681,-0.9749279121818236,-0.2225209339563146,0.8660254037844386,0.5000000000000001,0.699458327051647,0.7146733860429609,0.7485107481711011,0.6631226582407953,1928.5,5.1795599999999995,0,0,0,0,1,0,0,0,0,1,0,0,-7.599999999999994,,,176.29344340659276,175.21154575331022,175.4416666666667,175.4416666666667,0,1.699724502298214,2.656249169922134,108.73,185.1,,185.1,185.1,0.0,185.0,7.750483855863515,177.2,192.7,15.5,180.1,8.487638069569147,167.2,192.7,25.5,174.79999999999998,8.221479627945767,166.2,192.7,26.5,175.4416666666667,6.658562102688711,166.2,192.7,26.5,175.4416666666667,6.658562102688711,166.2,192.7,26.5,175.4416666666667,6.658562102688711,166.2,192.7,26.5,175.4416666666667,6.658562102688711,166.2,192.7,26.5,175.4416666666667,6.658562102688711,166.2,192.7,26.5,192.7,192.7,113.3,8.8,3.3,177.2,177.2,104.3,8.1,3.0,179.2,179.2,105.4,8.2,3.1,167.3,167.3,98.4,7.7,2.9,175.6,175.6,103.3,8.1,3.0,,,,,,,,,,,,,,,,,,,,
2026-02-15 00:00:00,20.1,95,0.0,6.6,311,1015.1,15,180.7,180.7,106.3,8.3,3.1,open-meteo,0,6,15,2,46,2026,7,1,0,0.0,1.0,-0.7818314824680299,0.6234898018587334,0.8660254037844386,0.5000000000000001,0.7116566222817746,0.7025274741691571,0.7485107481711011,0.6631226582407953,1909.5000000000002,6.69966,0,0,0,0,1,0,0,0,0,1,0,0,-4.400000000000006,5.599999999999994,5.599999999999994,176.64596793406534,175.27649787457284,175.65200000000002,175.65200000000002,0,1.6999059106311767,2.6774184911553256,106.14000000000001,180.7,,180.7,180.7,0.0,186.16666666666666,6.070694633510604,180.7,192.7,12.0,180.35,8.477912478906553,167.2,192.7,25.5,175.42499999999998,8.372479267869771,166.2,192.7,26.5,175.67499999999998,6.743644350826544,166.2,192.7,26.5,175.65200000000002,6.602658555460821,166.2,192.7,26.5,175.65200000000002,6.602658555460821,166.2,192.7,26.5,175.65200000000002,6.602658555460821,166.2,192.7,26.5,175.65200000000002,6.602658555460821,166.2,192.7,26.5,185.1,185.1,108.9,8.5,3.2,192.7,192.7,113.3,8.8,3.3,177.2,177.2,104.3,8.1,3.0,179.2,179.2,105.4,8.2,3.1,173.2,173.2,101.9,7.9,3.0,175.1,175.1,103.0,8.0,3.0,,,,,,,,,,,,,,,
2026-02-15 01:00:00,19.9,97,0.0,8.3,321,1014.8,66,173.7,173.7,102.2,8.0,3.0,open-meteo,1,6,15,2,46,2026,7,1,0,0.25881904510252074,0.9659258262890683,-0.7818314824680299,0.6234898018587334,0.8660254037844386,0.5000000000000001,0.7116566222817746,0.7025274741691571,0.7485107481711011,0.6631226582407953,1930.3,8.42284,0,0,0,0,1,0,0,0,0,1,0,0,-7.0,-4.5,-4.5,176.4102904993401,175.2578410949921,175.57692307692307,175.57692307692307,0,1.6996085939372936,2.666665777778074,102.04,173.7,,173.7,173.7,0.0,179.83333333333334,5.749202843293457,173.7,185.1,11.400000000000006,181.4333333333333,6.687799837515027,173.7,192.7,19.0,175.5,8.350830116603001,166.2,192.7,26.5,175.48749999999998,6.732937371769761,166.2,192.7,26.5,175.57692307692307,6.480574523438963,166.2,192.7,26.5,175.57692307692307,6.480574523438963,166.2,192.7,26.5,175.57692307692307,6.480574523438963,166.2,192.7,26.5,175.57692307692307,6.480574523438963,166.2,192.7,26.5,180.7,180.7,106.3,8.3,3.1,185.1,185.1,108.9,8.5,3.2,192.7,192.7,113.3,8.8,3.3,167.2,167.2,98.3,7.7,2.9,172.8,172.8,101.6,7.9,2.9,178.2,178.2,104.9,8.2,3.0,,,,,,,,,,,,,,,
2026-02-15 02:00:00,19.6,97,0.0,8.6,321,1014.6,99,181.3,181.3,106.6,8.3,3.1,open-meteo,2,6,15,2,46,2026,7,1,0,0.49999999999999994,0.8660254037844387,-0.7818314824680299,0.6234898018587334,0.8660254037844386,0.5000000000000001,0.7116566222817746,0.7025274741691571,0.7485107481711011,0.6631226582407953,1901.2,8.72556,0,0,0,0,1,0,0,0,0,1,0,0,7.600000000000023,7.400000000000006,7.400000000000006,176.8014672593929,175.32934593410465,175.7888888888889,175.7888888888889,0,1.7007504530886453,2.6774184911553256,106.47000000000003,181.3,,181.3,181.3,0.0,178.56666666666663,4.225320500664232,173.7,181.3,7.600000000000023,181.7833333333333,6.601944158099643,173.7,192.7,19.0,176.41666666666666,8.331848352538419,166.2,192.7,26.5,175.79583333333335,6.82587654295843,166.2,192.7,26.5,175.7888888888889,6.449468274644121,166.2,192.7,26.5,175.7888888888889,6.449468274644121,166.2,192.7,26.5,175.7888888888889,6.449468274644121,166.2,192.7,26.5,175.7888888888889,6.449468274644121,166.2,192.7,26.5,173.7,173.7,102.2,8.0,3.0,180.7,180.7,106.3,8.3,3.1,185.1,185.1,108.9,8.5,3.2,179.2,179.2,105.4,8.2,3.1,170.3,170.3,100.2,7.8,2.9,173.9,173.9,102.3,8.0,3.0,,,,,,,,,,,,,,,
2026-02-15 03:00:00,19.7,99,0.0,8.7,322,1014.3,100,168.1,168.1,98.9,7.7,2.9,open-meteo,3,6,15,2,46,2026,7,1,0,0.7071067811865476,0.7071067811865476,-0.7818314824680299,0.6234898018587334,0.8660254037844386,0.5000000000000001,0.7116566222817746,0.7025274741691571,0.7485107481711011,0.6631226582407953,1950.3,8.824409999999999,0,0,0,0,1,0,0,0,0,1,0,0,-13.200000000000017,0.29999999999998295,0.29999999999998295,176.10534987864148,175.24379154435192,175.5142857142857,175.5142857142857,0,1.699696646110246,2.655171498216725,98.74000000000002,168.1,,168.1,168.1,0.0,174.36666666666667,6.625204399362557,168.1,181.3,13.200000000000017,180.26666666666665,8.606431703480018,168.1,192.7,24.599999999999994,176.49166666666667,8.24493875971892,166.2,192.7,26.5,175.8083333333333,6.810855572040007,166.2,192.7,26.5,175.5142857142857,6.4935702834769575,166.2,192.7,26.5,175.5142857142857,6.4935702834769575,166.2,192.7,26.5,175.5142857142857,6.4935702834769575,166.2,192.7,26.5,175.5142857142857,6.4935702834769575,166.2,192.7,26.5,181.3,181.3,106.6,8.3,3.1,173.7,173.7,102.2,8.0,3.0,180.7,180.7,106.3,8.3,3.1,177.2,177.2,104.3,8.1,3.0,167.2,167.2,98.3,7.7,2.9,167.8,167.8,98.7,7.7,2.9,,,,,,,,,,,,,,,
2026-02-15 04:00:00,19.8,100,0.0,7.7,335,1014.1,100,169.4,169.4,99.7,7.8,2.9,open-meteo,4,6,15,2,46,2026,7,1,0,0.8660254037844386,0.5000000000000001,-0.7818314824680299,0.6234898018587334,0.8660254037844386,0.5000000000000001,0.7116566222817746,0.7025274741691571,0.7485107481711011,0.6631226582407953,1980.0,7.8085700000000005,0,0,0,0,1,0,0,0,0,1,0,0,1.3000000000000114,-1.799999999999983,-1.799999999999983,175.56892188835016,175.17463424796907,175.30344827586208,175.30344827586208,0,1.6990972748335278,2.689654244946812,99.52000000000002,169.4,,169.4,169.4,0.0,172.9333333333333,7.274842495431275,168.1,181.3,13.200000000000017,176.38333333333333,6.976651536852464,168.1,185.1,17.0,176.75833333333333,7.927450390697498,167.2,192.7,25.5,175.73333333333335,6.873431309834592,166.2,192.7,26.5,175.30344827586208,6.476853444526277,166.2,192.7,26.5,175.30344827586208,6.476853444526277,166.2,192.7,26.5,175.30344827586208,6.476853444526277,166.2,192.7,26.5,175.30344827586208,6.476853444526277,166.2,192.7,26.5,168.1,168.1,98.9,7.7,2.9,181.3,181.3,106.6,8.3,3.1,173.7,173.7,102.2,8.0,3.0,192.7,192.7,113.3,8.8,3.3,166.2,166.2,97.8,7.6,2.8,171.2,171.2,100.7,7.9,2.9,,,,,,,,,,,,,,,
2026-02-15 05:00:00,19.4,98,0.0,4.9,354,1014.3,52,177.4,177.4,104.4,8.1,3.0,open-meteo,5,6,15,2,46,2026,7,1,0,0.9659258262890683,0.25881904510252074,-0.7818314824680299,0.6234898018587334,0.8660254037844386,0.5000000000000001,0.7116566222817746,0.7025274741691571,0.7485107481711011,0.6631226582407953,1901.1999999999998,4.97007,0,0,1,0,1,0,0,0,0,1,0,0,8.0,-2.6999999999999886,-2.6999999999999886,175.71540813728217,175.20096993734222,175.37333333333333,175.37333333333333,0,1.6992337001989108,2.6999991000002996,104.20000000000003,177.4,,177.4,177.4,0.0,171.63333333333335,5.036202272877103,168.1,177.4,9.300000000000011,175.1,5.630985704119588,168.1,181.3,13.200000000000017,177.6,7.346860801482763,167.2,192.7,25.5,175.6208333333333,6.8207470690321115,166.2,192.7,26.5,175.37333333333333,6.375704603838096,166.2,192.7,26.5,175.37333333333333,6.375704603838096,166.2,192.7,26.5,175.37333333333333,6.375704603838096,166.2,192.7,26.5,175.37333333333333,6.375704603838096,166.2,192.7,26.5,169.4,169.4,99.7,7.8,2.9,168.1,168.1,98.9,7.7,2.9,181.3,181.3,106.6,8.3,3.1,185.1,185.1,108.9,8.5,3.2,167.3,167.3,98.4,7.7,2.9,180.1,180.1,105.9,8.3,3.1,,,,,,,,,,,,,,,
2026-02-15 06:00:00,19.0,98,0.0,3.8,343,1014.6,70,168.2,168.2,98.9,7.7,2.9,open-meteo,6,6,15,2,46,2026,7,1,0,1.0,6.123233995736766e-17,-0.7818314824680299,0.6234898018587334,0.8660254037844386,0.5000000000000001,0.7116566222817746,0.7025274741691571,0.7485107481711011,0.6631226582407953,1862.0,3.85548,0,0,1,0,1,0,0,0,0,1,0,0,-9.200000000000017,-2.5,-2.5,175.1141754862996,175.11811822210743,175.14193548387095,175.14193548387095,0,1.7007077684458263,2.655171498216725,98.78000000000003,168.2,,168.2,168.2,0.0,171.66666666666666,5.001333155602866,168.2,177.4,9.200000000000017,173.01666666666665,5.454325500615622,168.1,181.3,13.200000000000017,176.6833333333333,7.801262524085265,167.2,192.7,25.5,175.51666666666665,6.91756847621969,166.2,192.7,26.5,175.14193548387095,6.399571558239836,166.2,192.7,26.5,175.14193548387095,6.399571558239836,166.2,192.7,26.5,175.14193548387095,6.399571558239836,166.2,192.7,26.5,175.14193548387095,6.399571558239836,166.2,192.7,26.5,177.4,177.4,104.4,8.1,3.0,169.4,169.4,99.7,7.8,2.9,168.1,168.1,98.9,7.7,2.9,180.7,180.7,106.3,8.3,3.1,179.2,179.2,105.4,8.2,3.1,170.7,170.7,100.4,7.8,2.9,,,,,,,,,,,,,,,
2026-02-15 07:00:00,18.6,99,0.0,3.5,321,1015.2,100,165.9,165.9,97.6,7.6,2.8,open-meteo,7,6,15,2,46,2026,7,1,1,0.9659258262890683,-0.25881904510252063,-0.7818314824680299,0.6234898018587334,0.8660254037844386,0.5000000000000001,0.7116566222817746,0.7025274741691571,0.7485107481711011,0.6631226582407953,1841.4,3.5532000000000004,0,0,1,0,1,0,0,0,0,1,0,0,-2.299999999999983,-15.599999999999994,-15.599999999999994,174.3770414473956,175.0090280656328,174.853125,174.853125,0,1.6997950645512803,2.7142847448983054,97.44000000000001,165.9,,165.9,165.9,0.0,170.5,6.0852280154484735,165.9,177.4,11.5,171.71666666666667,6.14472673653319,165.9,181.3,15.400000000000006,176.57500000000002,7.952486746580948,165.9,192.7,26.799999999999983,174.86666666666667,7.062310661820111,165.9,192.7,26.799999999999983,174.853125,6.504042632433777,165.9,192.7,26.799999999999983,174.853125,6.504042632433777,165.9,192.7,26.799999999999983,174.853125,6.504042632433777,165.9,192.7,26.799999999999983,174.853125,6.504042632433777,165.9,192.7,26.799999999999983,168.2,168.2,98.9,7.7,2.9,177.4,177.4,104.4,8.1,3.0,169.4,169.4,99.7,7.8,2.9,173.7,173.7,102.2,8.0,3.0,167.2,167.2,98.3,7.7,2.9,181.5,181.5,106.7,8.3,3.1,,,,,,,,,,,,,,,
2026-02-15 08:00:00,18.6,99,0.0,2.8,315,1015.8,100,169.0,169.0,99.4,7.8,2.9,open-meteo,8,6,15,2,46,2026,7,1,1,0.8660254037844387,-0.4999999999999998,-0.7818314824680299,0.6234898018587334,0.8660254037844386,0.5000000000000001,0.7116566222817746,0.7025274741691571,0.7485107481711011,0.6631226582407953,1841.4,2.8442399999999997,0,0,1,0,1,0,0,0,0,1,0,0,3.0999999999999943,-4.800000000000011,-4.800000000000011,173.94687813160397,174.93791530745963,174.6757575757576,174.6757575757576,0,1.700201190138821,2.689654244946812,99.27000000000002,169.0,,169.0,169.0,0.0,167.70000000000002,1.6093476939426126,165.9,169.0,3.0999999999999943,169.66666666666666,3.977771570448185,165.9,177.4,11.5,175.725,8.1880317315191,165.9,192.7,26.799999999999983,174.66666666666666,7.161106707441411,165.9,192.7,26.799999999999983,174.6757575757576,6.482188591779315,165.9,192.7,26.799999999999983,174.6757575757576,6.482188591779315,165.9,192.7,26.799999999999983,174.6757575757576,6.482188591779315,165.9,192.7,26.799999999999983,174.6757575757576,6.482188591779315,165.9,192.7,26.799999999999983,165.9,165.9,97.6,7.6,2.8,168.2,168.2,98.9,7.7,2.9,177.4,177.4,104.4,8.1,3.0,181.3,181.3,106.6,8.3,3.1,179.2,179.2,105.4,8.2,3.1,173.8,173.8,102.2,8.0,3.0,,,,,,,,,,,,,,,
2026-02-15 09:00:00,19.2,98,0.0,2.7,298,1016.3,100,168.9,168.9,99.4,7.8,2.9,open-meteo,9,6,15,2,46,2026,7,1,1,0.7071067811865476,-0.7071067811865475,-0.7818314824680299,0.6234898018587334,0.8660254037844386,0.5000000000000001,0.7116566222817746,0.7025274741691571,0.7485107481711011,0.6631226582407953,1881.6,2.7440100000000003,0,0,1,0,1,0,0,0,0,1,0,0,-0.09999999999999432,-13.900000000000006,-13.900000000000006,173.54312788107566,174.86646068843646,174.50588235294117,174.50588235294117,0,1.6991951539316383,2.689654244946812,99.23000000000003,168.9,,168.9,168.9,0.0,167.93333333333334,1.7616280348960693,165.9,169.0,3.0999999999999943,169.8,3.9278492842774835,165.9,177.4,11.5,175.03333333333333,8.399927849617987,165.9,192.7,26.799999999999983,174.0875,7.0357047482358075,165.9,192.7,26.799999999999983,174.50588235294117,6.459615392269321,165.9,192.7,26.799999999999983,174.50588235294117,6.459615392269321,165.9,192.7,26.799999999999983,174.50588235294117,6.459615392269321,165.9,192.7,26.799999999999983,174.50588235294117,6.459615392269321,165.9,192.7,26.799999999999983,169.0,169.0,99.4,7.8,2.9,165.9,165.9,97.6,7.6,2.8,168.2,168.2,98.9,7.7,2.9,168.1,168.1,98.9,7.7,2.9,177.2,177.2,104.3,8.1,3.0,182.8,182.8,107.5,8.4,3.1,,,,,,,,,,,,,,,
2026-02-15 10:00:00,21.2,88,0.0,4.3,253,1017.0,100,167.5,167.5,98.5,7.7,2.9,open-meteo,10,6,15,2,46,2026,7,1,0,0.49999999999999994,-0.8660254037844387,-0.7818314824680299,0.6234898018587334,0.8660254037844386,0.5000000000000001,0.7116566222817746,0.7025274741691571,0.7485107481711011,0.6631226582407953,1865.6,4.373099999999999,1,0,1,0,1,0,0,0,0,1,0,0,-1.4000000000000057,-14.800000000000011,-14.800000000000011,173.05967765058963,174.7792836388692,174.3057142857143,174.3057142857143,0,1.7005075969491614,2.655171498216725,98.38000000000002,167.5,,167.5,167.5,0.0,168.46666666666667,0.8386497083597412,167.5,169.0,1.5,169.48333333333332,4.041493123421815,165.9,177.4,11.5,172.9333333333333,6.521758454077629,165.9,185.1,19.19999999999999,173.47083333333333,6.9324366233116015,165.9,192.7,26.799999999999983,174.3057142857143,6.473154647653409,165.9,192.7,26.799999999999983,174.3057142857143,6.473154647653409,165.9,192.7,26.799999999999983,174.3057142857143,6.473154647653409,165.9,192.7,26.799999999999983,174.3057142857143,6.473154647653409,165.9,192.7,26.799999999999983,168.9,168.9,99.4,7.8,2.9,169.0,169.0,99.4,7.8,2.9,165.9,165.9,97.6,7.6,2.8,169.4,169.4,99.7,7.8,2.9,192.7,192.7,113.3,8.8,3.3,182.3,182.3,107.3,8.4,3.1,,,,,,,,,,,,,,,
2026-02-15 11:00:00,23.6,75,0.0,4.9,237,1016.7,51,162.4,162.4,95.5,7.5,2.8,open-meteo,11,6,15,2,46,2026,7,1,0,0.258819045102521,-0.9659258262890682,-0.7818314824680299,0.6234898018587334,0.8660254037844386,0.5000000000000001,0.7116566222817746,0.7025274741691571,0.7485107481711011,0.6631226582407953,1770.0,4.98183,1,0,1,0,1,0,0,0,0,1,0,0,-5.099999999999994,-13.199999999999989,-13.199999999999989,172.20690343854247,174.63278324077606,173.97500000000002,173.97500000000002,0,1.700523542402895,2.6785704719391172,95.39000000000001,162.4,,162.4,162.4,0.0,166.26666666666665,3.4210134950525335,162.4,168.9,6.5,166.98333333333332,2.516677704169894,162.4,169.0,6.599999999999994,171.04166666666666,5.937930207699858,162.4,181.3,18.900000000000006,172.92083333333335,7.271503592294632,162.4,192.7,30.299999999999983,173.97500000000002,6.681461559526368,162.4,192.7,30.299999999999983,173.97500000000002,6.681461559526368,162.4,192.7,30.299999999999983,173.97500000000002,6.681461559526368,162.4,192.7,30.299999999999983,173.97500000000002,6.681461559526368,162.4,192.7,30.299999999999983,167.5,167.5,98.5,7.7,2.9,168.9,168.9,99.4,7.8,2.9,169.0,169.0,99.4,7.8,2.9,177.4,177.4,104.4,8.1,3.0,185.1,185.1,108.9,8.5,3.2,175.6,175.6,103.3,8.1,3.0,,,,,,,,,,,,,,,
2026-02-15 12:00:00,25.6,65,0.0,6.4,220,1016.3,16,163.4,163.4,96.1,7.5,2.8,open-meteo,12,6,15,2,46,2026,7,1,0,1.2246467991473532e-16,-1.0,-0.7818314824680299,0.6234898018587334,0.8660254037844386,0.5000000000000001,0.7116566222817746,0.7025274741691571,0.7485107481711011,0.6631226582407953,1664.0,6.50432,1,0,0,0,1,0,0,0,0,1,0,0,1.0,-9.799999999999983,-9.799999999999983,171.50235116345908,174.49985089473137,173.6891891891892,173.6891891891892,0,1.7003121571247437,2.6785704719391172,95.97000000000001,163.4,,163.4,163.4,0.0,164.43333333333334,2.7024680078275254,162.4,167.5,5.099999999999994,166.18333333333337,2.7995833023265915,162.4,169.0,6.599999999999994,169.6,5.460769176590333,162.4,181.3,18.900000000000006,172.51250000000002,7.525857599549422,162.4,192.7,30.299999999999983,173.6891891891892,6.813539779316201,162.4,192.7,30.299999999999983,173.6891891891892,6.813539779316201,162.4,192.7,30.299999999999983,173.6891891891892,6.813539779316201,162.4,192.7,30.299999999999983,173.6891891891892,6.813539779316201,162.4,192.7,30.299999999999983,162.4,162.4,95.5,7.5,2.8,167.5,167.5,98.5,7.7,2.9,168.9,168.9,99.4,7.8,2.9,168.2,168.2,98.9,7.7,2.9,180.7,180.7,106.3,8.3,3.1,173.2,173.2,101.9,7.9,3.0,,,,,,,,,,,,,,,
2026-02-15 13:00:00,26.7,60,0.0,9.5,219,1015.4,9,166.4,166.4,97.9,7.6,2.8,open-meteo,13,6,15,2,46,2026,7,1,0,-0.2588190451025208,-0.9659258262890683,-0.7818314824680299,0.6234898018587334,0.8660254037844386,0.5000000000000001,0.7116566222817746,0.7025274741691571,0.7485107481711011,0.6631226582407953,1602.0,9.6463,1,0,0,0,1,0,0,0,0,1,0,0,3.0,-6.400000000000006,-6.400000000000006,171.09416307038236,174.40399467112508,173.4973684210526,173.4973684210526,0,1.6996935475005766,2.7142847448983054,97.73000000000002,166.4,,166.4,166.4,0.0,164.0666666666667,2.0816659994656312,162.4,166.4,4.0,166.26666666666668,2.7969030492074376,162.4,169.0,6.599999999999994,168.99166666666665,5.368334485807876,162.4,181.3,18.900000000000006,172.2458333333333,7.627922343296534,162.4,192.7,30.299999999999983,173.4973684210526,6.824062626138645,162.4,192.7,30.299999999999983,173.4973684210526,6.824062626138645,162.4,192.7,30.299999999999983,173.4973684210526,6.824062626138645,162.4,192.7,30.299999999999983,173.4973684210526,6.824062626138645,162.4,192.7,30.299999999999983,163.4,163.4,96.1,7.5,2.8,162.4,162.4,95.5,7.5,2.8,167.5,167.5,98.5,7.7,2.9,165.9,165.9,97.6,7.6,2.8,173.7,173.7,102.2,8.0,3.0,172.8,172.8,101.6,7.9,2.9,,,,,,,,,,,,,,,
2026-02-15 14:00:00,26.9,60,0.0,11.6,224,1014.4,3,170.8,170.8,100.5,7.8,2.9,open-meteo,14,6,15,2,46,2026,7,1,0,-0.4999999999999997,-0.8660254037844388,-0.7818314824680299,0.6234898018587334,0.8660254037844386,0.5000000000000001,0.7116566222817746,0.7025274741691571,0.7485107481711011,0.6631226582407953,1614.0,11.76704,1,0,0,0,1,0,0,0,0,1,0,0,4.400000000000006,0.5,0.5,171.07063002475178,174.36134384661472,173.42820512820512,173.42820512820512,0,1.6995024706517168,2.689654244946812,100.32000000000004,170.8,,170.8,170.8,0.0,166.86666666666667,3.722006627255217,163.4,170.8,7.400000000000006,166.56666666666666,3.2141354462228033,162.4,170.8,8.400000000000006,168.11666666666667,3.809040283166701,162.4,177.4,15.0,172.26666666666665,7.623058080111536,162.4,192.7,30.299999999999983,173.42820512820512,6.74751216211336,162.4,192.7,30.299999999999983,173.42820512820512,6.74751216211336,162.4,192.7,30.299999999999983,173.42820512820512,6.74751216211336,162.4,192.7,30.299999999999983,173.42820512820512,6.74751216211336,162.4,192.7,30.299999999999983,166.4,166.4,97.9,7.6,2.8,163.4,163.4,96.1,7.5,2.8,162.4,162.4,95.5,7.5,2.8,169.0,169.0,99.4,7.8,2.9,181.3,181.3,106.6,8.3,3.1,170.3,170.3,100.2,7.8,2.9,,,,,,,,,,,,,,,
2026-02-15 15:00:00,26.5,60,0.0,12.0,230,1013.6,0,169.3,169.3,99.6,7.8,2.9,open-meteo,15,6,15,2,46,2026,7,1,0,-0.7071067811865471,-0.7071067811865479,-0.7818314824680299,0.6234898018587334,0.8660254037844386,0.5000000000000001,0.7116566222817746,0.7025274741691571,0.7485107481711011,0.6631226582407953,1590.0,12.163200000000002,1,0,0,0,1,0,0,0,0,1,0,0,-1.5,2.1000000000000227,2.1000000000000227,170.92897962277166,174.30144628629975,173.325,173.325,0,1.699799179720892,2.689654244946812,99.45000000000003,169.3,,169.3,169.3,0.0,168.83333333333334,2.236813209307409,166.4,170.8,4.400000000000006,166.63333333333335,3.275769629669624,162.4,170.8,8.400000000000006,168.21666666666667,3.8242844448537454,162.4,177.4,15.0,172.35416666666666,7.574268750278764,162.4,192.7,30.299999999999983,173.325,6.692351164020315,162.4,192.7,30.299999999999983,173.325,6.692351164020315,162.4,192.7,30.299999999999983,173.325,6.692351164020315,162.4,192.7,30.299999999999983,173.325,6.692351164020315,162.4,192.7,30.299999999999983,170.8,170.8,100.5,7.8,2.9,166.4,166.4,97.9,7.6,2.8,163.4,163.4,96.1,7.5,2.8,168.9,168.9,99.4,7.8,2.9,168.1,168.1,98.9,7.7,2.9,167.2,167.2,98.3,7.7,2.9,,,,,,,,,,,,,,,
2026-02-15 16:00:00,25.9,63,0.0,11.8,231,1012.8,0,158.5,158.5,93.2,7.3,2.7,open-meteo,16,6,15,2,46,2026,7,1,0,-0.8660254037844385,-0.5000000000000004,-0.7818314824680299,0.6234898018587334,0.8660254037844386,0.5000000000000001,0.7116566222817746,0.7025274741691571,0.7485107481711011,0.6631226582407953,1631.6999999999998,11.95104,1,0,0,0,1,0,0,0,0,1,0,0,-10.800000000000011,-7.699999999999989,-7.699999999999989,169.93466125294995,174.11444692196486,172.96341463414635,172.96341463414635,0,1.7006437585767837,2.703702702332332,93.09,158.5,,158.5,158.5,0.0,166.20000000000002,6.7104396279229315,158.5,170.8,12.300000000000011,165.13333333333335,4.5946345520254335,158.5,170.8,12.300000000000011,167.30833333333334,4.709653207331933,158.5,177.4,18.900000000000006,172.03333333333333,7.997535852382603,158.5,192.7,34.19999999999999,172.96341463414635,7.00202671008762,158.5,192.7,34.19999999999999,172.96341463414635,7.00202671008762,158.5,192.7,34.19999999999999,172.96341463414635,7.00202671008762,158.5,192.7,34.19999999999999,172.96341463414635,7.00202671008762,158.5,192.7,34.19999999999999,169.3,169.3,99.6,7.8,2.9,170.8,170.8,100.5,7.8,2.9,166.4,166.4,97.9,7.6,2.8,167.5,167.5,98.5,7.7,2.9,169.4,169.4,99.7,7.8,2.9,166.2,166.2,97.8,7.6,2.8,,,,,,,,,,,,,,,
2026-02-15 17:00:00,24.4,70,0.0,10.9,234,1012.9,1,171.3,171.3,100.7,7.9,2.9,open-meteo,17,6,15,2,46,2026,7,1,1,-0.9659258262890683,-0.25881904510252063,-0.7818314824680299,0.6234898018587334,0.8660254037844386,0.5000000000000001,0.7116566222817746,0.7025274741691571,0.7485107481711011,0.6631226582407953,1708.0,11.040610000000001,1,0,0,0,1,0,0,0,0,1,0,0,12.800000000000011,4.0,4.0,170.04388835271396,174.0811398577996,172.92380952380952,172.92380952380952,0,1.7010923366326482,2.7241369916768994,100.60000000000004,171.3,,171.3,171.3,0.0,166.36666666666667,6.885734044626749,158.5,171.3,12.800000000000011,166.61666666666667,4.957990184204269,158.5,171.3,12.800000000000011,166.8,3.7535437800949456,158.5,171.3,12.800000000000011,172.20000000000002,7.936048737578264,158.5,192.7,34.19999999999999,172.92380952380952,6.9208701526723475,158.5,192.7,34.19999999999999,172.92380952380952,6.9208701526723475,158.5,192.7,34.19999999999999,172.92380952380952,6.9208701526723475,158.5,192.7,34.19999999999999,172.92380952380952,6.9208701526723475,158.5,192.7,34.19999999999999,158.5,158.5,93.2,7.3,2.7,169.3,169.3,99.6,7.8,2.9,170.8,170.8,100.5,7.8,2.9,162.4,162.4,95.5,7.5,2.8,177.4,177.4,104.4,8.1,3.0,167.3,167.3,98.4,7.7,2.9,,,,,,,,,,,,,,,
2026-02-15 18:00:00,23.2,77,0.0,10.2,240,1012.8,2,169.0,169.0,99.4,7.8,2.9,open-meteo,18,6,15,2,46,2026,7,1,1,-1.0,-1.8369701987210297e-16,-0.7818314824680299,0.6234898018587334,0.8660254037844386,0.5000000000000001,0.7116566222817746,0.7025274741691571,0.7485107481711011,0.6631226582407953,1786.3999999999999,10.33056,1,0,0,0,1,0,0,0,0,1,0,0,-2.3000000000000114,-10.199999999999989,-10.199999999999989,169.96037728449687,174.02100802516293,172.83255813953488,172.83255813953488,0,1.700201190138821,2.689654244946812,99.27000000000002,169.0,,169.0,169.0,0.0,166.26666666666668,6.823733093646892,158.5,171.3,12.800000000000011,167.54999999999998,4.754261246502882,158.5,171.3,12.800000000000011,166.86666666666667,3.787619385056947,158.5,171.3,12.800000000000011,171.775,7.8171077716150075,158.5,192.7,34.19999999999999,172.83255813953488,6.864113750938646,158.5,192.7,34.19999999999999,172.83255813953488,6.864113750938646,158.5,192.7,34.19999999999999,172.83255813953488,6.864113750938646,158.5,192.7,34.19999999999999,172.83255813953488,6.864113750938646,158.5,192.7,34.19999999999999,171.3,171.3,100.7,7.9,2.9,158.5,158.5,93.2,7.3,2.7,169.3,169.3,99.6,7.8,2.9,163.4,163.4,96.1,7.5,2.8,168.2,168.2,98.9,7.7,2.9,179.2,179.2,105.4,8.2,3.1,,,,,,,,,,,,,,,
2026-02-15 19:00:00,22.5,82,0.0,8.7,248,1012.8,4,174.7,174.7,102.8,8.0,3.0,open-meteo,19,6,15,2,46,2026,7,1,1,-0.9659258262890684,0.2588190451025203,-0.7818314824680299,0.6234898018587334,0.8660254037844386,0.5000000000000001,0.7116566222817746,0.7025274741691571,0.7485107481711011,0.6631226582407953,1845.0,8.811359999999999,1,0,0,0,1,0,0,0,0,1,0,0,5.699999999999989,7.5,7.5,170.33954710173714,174.02904343314918,172.875,172.875,0,1.699416325881164,2.666665777778074,102.62,174.7,,174.7,174.7,0.0,171.66666666666666,2.8676354952002816,169.0,174.7,5.699999999999989,168.93333333333334,5.501514942873972,158.5,174.7,16.19999999999999,167.6,4.387792984260539,158.5,174.7,16.19999999999999,172.08749999999998,7.776067660512591,158.5,192.7,34.19999999999999,172.875,6.789668108475979,158.5,192.7,34.19999999999999,172.875,6.789668108475979,158.5,192.7,34.19999999999999,172.875,6.789668108475979,158.5,192.7,34.19999999999999,172.875,6.789668108475979,158.5,192.7,34.19999999999999,169.0,169.0,99.4,7.8,2.9,171.3,171.3,100.7,7.9,2.9,158.5,158.5,93.2,7.3,2.7,166.4,166.4,97.9,7.6,2.8,165.9,165.9,97.6,7.6,2.8,167.2,167.2,98.3,7.7,2.9,,,,,,,,,,,,,,,
2026-02-15 20:00:00,22.1,85,0.0,8.0,262,1013.3,29,173.3,173.3,102.0,8.0,3.0,open-meteo,20,6,15,2,46,2026,7,1,0,-0.8660254037844386,0.5000000000000001,-0.7818314824680299,0.6234898018587334,0.8660254037844386,0.5000000000000001,0.7116566222817746,0.7025274741691571,0.7485107481711011,0.6631226582407953,1878.5000000000002,8.106399999999999,1,0,0,0,1,0,0,0,0,1,0,0,-1.3999999999999773,-5.899999999999977,-5.899999999999977,170.5763833335982,174.0204157002125,172.88444444444445,172.88444444444445,0,1.6990195911860826,2.666665777778074,101.82000000000002,173.3,,173.3,173.3,0.0,172.33333333333334,2.9704096238284543,169.0,174.7,5.699999999999989,169.35,5.759774301133588,158.5,174.7,16.19999999999999,167.95833333333334,4.678472620482553,158.5,174.7,16.19999999999999,171.84166666666667,7.633388709374497,158.5,192.7,34.19999999999999,172.88444444444445,6.712368351698889,158.5,192.7,34.19999999999999,172.88444444444445,6.712368351698889,158.5,192.7,34.19999999999999,172.88444444444445,6.712368351698889,158.5,192.7,34.19999999999999,172.88444444444445,6.712368351698889,158.5,192.7,34.19999999999999,174.7,174.7,102.8,8.0,3.0,169.0,169.0,99.4,7.8,2.9,171.3,171.3,100.7,7.9,2.9,170.8,170.8,100.5,7.8,2.9,169.0,169.0,99.4,7.8,2.9,179.2,179.2,105.4,8.2,3.1,,,,,,,,,,,,,,,
2026-02-15 21:00:00,21.8,87,0.0,7.6,267,1013.7,20,168.6,168.6,99.2,7.7,2.9,open-meteo,21,6,15,2,46,2026,7,1,0,-0.7071067811865477,0.7071067811865474,-0.7818314824680299,0.6234898018587334,0.8660254037844386,0.5000000000000001,0.7116566222817746,0.7025274741691571,0.7485107481711011,0.6631226582407953,1896.6000000000001,7.70412,1,0,0,0,1,0,0,0,0,1,0,0,-4.700000000000017,-8.599999999999994,-8.599999999999994,170.41827266691033,173.95626876884907,172.79130434782607,172.79130434782607,0,1.6995967570605166,2.655171498216725,99.03000000000003,168.6,,168.6,168.6,0.0,172.19999999999996,3.1953090617339965,168.6,174.7,6.099999999999994,169.23333333333332,5.768073046231782,158.5,174.7,16.19999999999999,167.9333333333333,4.673782453670821,158.5,174.7,16.19999999999999,171.48333333333335,7.572528534498728,158.5,192.7,34.19999999999999,172.79130434782607,6.667360833425154,158.5,192.7,34.19999999999999,172.79130434782607,6.667360833425154,158.5,192.7,34.19999999999999,172.79130434782607,6.667360833425154,158.5,192.7,34.19999999999999,172.79130434782607,6.667360833425154,158.5,192.7,34.19999999999999,173.3,173.3,102.0,8.0,3.0,174.7,174.7,102.8,8.0,3.0,169.0,169.0,99.4,7.8,2.9,169.3,169.3,99.6,7.8,2.9,168.9,168.9,99.4,7.8,2.9,177.2,177.2,104.3,8.1,3.0,,,,,,,,,,,,,,,
2026-02-15 22:00:00,21.5,88,0.0,6.8,268,1013.9,14,161.5,161.5,95.0,7.4,2.8,open-meteo,22,6,15,2,46,2026,7,1,0,-0.5000000000000004,0.8660254037844384,-0.7818314824680299,0.6234898018587334,0.8660254037844386,0.5000000000000001,0.7116566222817746,0.7025274741691571,0.7485107481711011,0.6631226582407953,1892.0,6.894519999999999,1,0,0,0,1,0,0,0,0,1,0,0,-7.099999999999994,-31.19999999999999,-31.19999999999999,169.7048108535575,173.808857304129,172.55106382978724,172.55106382978724,0,1.6999999821052634,2.642856198979929,94.86000000000001,161.5,,161.5,161.5,0.0,167.8,5.9405386961115605,161.5,173.3,11.800000000000011,169.73333333333332,4.678746270815025,161.5,174.7,13.199999999999989,167.4333333333333,5.031597131822896,158.5,174.7,16.19999999999999,170.18333333333334,6.351491893670571,158.5,185.1,26.599999999999994,172.55106382978724,6.7970541042305355,158.5,192.7,34.19999999999999,172.55106382978724,6.7970541042305355,158.5,192.7,34.19999999999999,172.55106382978724,6.7970541042305355,158.5,192.7,34.19999999999999,172.55106382978724,6.7970541042305355,158.5,192.7,34.19999999999999,168.6,168.6,99.2,7.7,2.9,173.3,173.3,102.0,8.0,3.0,174.7,174.7,102.8,8.0,3.0,158.5,158.5,93.2,7.3,2.7,167.5,167.5,98.5,7.7,2.9,192.7,192.7,113.3,8.8,3.3,,,,,,,,,,,,,,,
2026-02-15 23:00:00,21.1,89,0.0,7.2,266,1013.6,21,168.7,168.7,99.2,7.7,2.9,open-meteo,23,6,15,2,46,2026,7,1,0,-0.25881904510252157,0.9659258262890681,-0.7818314824680299,0.6234898018587334,0.8660254037844386,0.5000000000000001,0.7116566222817746,0.7025274741691571,0.7485107481711011,0.6631226582407953,1877.9,7.29792,1,0,0,0,1,0,0,0,0,1,0,0,7.199999999999989,-16.400000000000006,-16.400000000000006,169.6244259852729,173.748397454376,172.47083333333333,172.47083333333333,0,1.7006048215664835,2.655171498216725,99.07000000000002,168.7,,168.7,168.7,0.0,166.26666666666668,4.128357219685797,161.5,168.7,7.199999999999989,169.29999999999998,4.624716207509267,161.5,174.7,13.199999999999989,167.95833333333334,4.781110242560193,158.5,174.7,16.19999999999999,169.5,5.502331521629161,158.5,181.3,22.80000000000001,172.47083333333333,6.747291287347245,158.5,192.7,34.19999999999999,172.47083333333333,6.747291287347245,158.5,192.7,34.19999999999999,172.47083333333333,6.747291287347245,158.5,192.7,34.19999999999999,172.47083333333333,6.747291287347245,158.5,192.7,34.19999999999999,161.5,161.5,95.0,7.4,2.8,168.6,168.6,99.2,7.7,2.9,173.3,173.3,102.0,8.0,3.0,171.3,171.3,100.7,7.9,2.9,162.4,162.4,95.5,7.5,2.8,185.1,185.1,108.9,8.5,3.2,,,,,,,,,,,,,,,
